Year,Name,Position,Team,Salary,Salary_Cap
2024,Stephen Curry,PG,Golden State,55761216,170814000
2024,Joel Embiid,C,Philadelphia,51415938,170814000
2024,Nikola Jokic,C,Denver,51415938,170814000
2024,Kevin Durant,PF,Phoenix,51179021,170814000
2024,Bradley Beal,SG,Phoenix,50203930,170814000
2024,Kawhi Leonard,SF,LA,49350000,170814000
2024,Devin Booker,SG,Phoenix,49205800,170814000
2024,Paul George,F,Philadelphia,49205800,170814000
2024,Karl-Anthony Towns,C,Minnesota,49205800,170814000
2024,Jaylen Brown,SG,Boston,49205800,170814000
2024,Jimmy Butler,SF,Miami,48798677,170814000
2024,Giannis Antetokounmpo,PF,Milwaukee,48787676,170814000
2024,Damian Lillard,PG,Milwaukee,48787676,170814000
2024,LeBron James,SF,LA Lakers,48728845,170814000
2024,Rudy Gobert,C,Minnesota,43827587,170814000
2024,Anthony Davis,PF,LA Lakers,43219440,170814000
2024,Luka Doncic,PG,Dallas,43031940,170814000
2024,Zach LaVine,SG,Chicago,43031940,170814000
2024,Trae Young,PG,Atlanta,43031940,170814000
2024,Fred VanVleet,PG,Houston,42846615,170814000
2024,Lauri Markkanen,PF,Utah,42176400,170814000
2024,Anthony Edwards,SG,Minnesota,42176400,170814000
2024,Tyrese Haliburton,PG,Indiana,42176000,170814000
2024,Pascal Siakam,PF,Indiana,42176000,170814000
2024,Kyrie Irving,PG,Dallas,41000000,170814000
2024,Domantas Sabonis,PF,Sacramento,40500000,170814000
2024,Ben Simmons,PG,Brooklyn,40338144,170814000
2024,Ja Morant,PG,Memphis,36725670,170814000
2024,Darius Garland,PG,Cleveland,36725670,170814000
2024,Zion Williamson,PF,New Orleans,36725670,170814000
2024,OG Anunoby,SF,New York,36637931,170814000
2024,Jamal Murray,PG,Denver,36016200,170814000
2024,Brandon Ingram,SF,New Orleans,36016200,170814000
2024,Shai Gilgeous-Alexander,PG,Oklahoma City,35859950,170814000
2024,Michael Porter Jr.,SF,Denver,35859950,170814000
2024,Donovan Mitchell,SG,Cleveland,35410310,170814000
2024,LaMelo Ball,PG,Charlotte,35147000,170814000
2024,Tyrese Maxey,PG,Philadelphia,35147000,170814000
2024,De'Aaron Fox,PG,Sacramento,34848340,170814000
2024,Bam Adebayo,C,Miami,34848340,170814000
,,,,,
2023,Stephen Curry,PG,Golden State,51915615,165294000
2023,Kevin Durant,PF,Phoenix,47649433,165294000
2023,LeBron James,SF,LA Lakers,47607350,165294000
2023,Nikola Jokic,C,Denver,47607350,165294000
2023,Joel Embiid,C,Philadelphia,46900000,165294000
2023,Bradley Beal,SG,Phoenix,46741590,165294000
2023,Giannis Antetokounmpo,PF,Milwaukee,45640084,165294000
2023,Damian Lillard,PG,Milwaukee,45640084,165294000
2023,Kawhi Leonard,SF,LA,45640084,165294000
2023,Paul George,F,LA,45640084,165294000
2023,Jimmy Butler,SF,Miami,45183960,165294000
2023,Klay Thompson,SG,Golden State,43219440,165294000
2023,Rudy Gobert,C,Minnesota,41000000,165294000
2023,Fred VanVleet,PG,Houston,40806300,165294000
2023,Anthony Davis,PF,LA Lakers,40600080,165294000
2023,Luka Doncic,PG,Dallas,40064220,165294000
2023,Zach LaVine,SG,Chicago,40064220,165294000
2023,Trae Young,PG,Atlanta,40064220,165294000
2023,Tobias Harris,F,Philadelphia,39270150,165294000
2023,Ben Simmons,PG,Brooklyn,37893408,165294000
2023,Pascal Siakam,PF,Indiana,37893408,165294000
2023,Kyrie Irving,PG,Dallas,37037037,165294000
2023,Jrue Holiday,PG,Boston,36861707,165294000
2023,Devin Booker,SG,Phoenix,36016200,165294000
2023,Karl-Anthony Towns,C,Minnesota,36016200,165294000
2023,Kristaps Porzingis,C,Boston,36016200,165294000
2023,CJ McCollum,SG,New Orleans,35802469,165294000
2023,James Harden,SG,LA,35640000,165294000
2023,Ja Morant,PG,Memphis,34005250,165294000
2023,Darius Garland,PG,Cleveland,34005250,165294000
2023,Zion Williamson,PF,New Orleans,34005250,165294000
2023,Jamal Murray,PG,Denver,33833400,165294000
2023,Brandon Ingram,SF,New Orleans,33833400,165294000
2023,Shai Gilgeous-Alexander,PG,Oklahoma City,33386850,165294000
2023,Michael Porter Jr.,SF,Denver,33386850,165294000
2023,Donovan Mitchell,SG,Cleveland,33162030,165294000
2023,De'Aaron Fox,PG,Sacramento,32600060,165294000
2023,Bam Adebayo,C,Miami,32600060,165294000
2023,Jayson Tatum,SF,Boston,32600060,165294000
2023,Deandre Ayton,C,Portland,32459438,165294000
,,,,,
2022,Stephen Curry,PG,Golden State,48070014,150267000
2022,LeBron James,SF,LA Lakers,44474988,150267000
2022,Kevin Durant,PF,Phoenix,44119845,150267000
2022,Bradley Beal,SG,Washington,43279250,150267000
2022,Giannis Antetokounmpo,PF,Milwaukee,42492492,150267000
2022,Damian Lillard,PG,Portland,42492492,150267000
2022,Kawhi Leonard,SF,LA,42492492,150267000
2022,Paul George,F,LA,42492492,150267000
2022,Klay Thompson,SG,Golden State,40600080,150267000
2022,Kyrie Irving,PG,Dallas,38917057,150267000
2022,Rudy Gobert,C,Minnesota,38172414,150267000
2022,Anthony Davis,PF,LA Lakers,37980720,150267000
2022,Khris Middleton,SF,Milwaukee,37948276,150267000
2022,Jimmy Butler,SF,Miami,37653300,150267000
2022,Tobias Harris,F,Philadelphia,37633050,150267000
2022,Zach LaVine,SG,Chicago,37096500,150267000
2022,Luka Doncic,PG,Dallas,37095000,150267000
2022,Trae Young,PG,Atlanta,37095000,150267000
2022,Ben Simmons,PG,Brooklyn,35448672,150267000
2022,Pascal Siakam,PF,Toronto,35448672,150267000
2022,Myles Turner,C,Indiana,35096500,150267000
2022,Devin Booker,SG,Phoenix,33833400,150267000
2022,Karl-Anthony Towns,C,Minnesota,33833400,150267000
2022,Kristaps Porzingis,C,Washington,33833400,150267000
2022,Jrue Holiday,PG,Milwaukee,33665040,150267000
2022,Joel Embiid,C,Philadelphia,33616770,150267000
2022,Andrew Wiggins,SF,Golden State,33616770,150267000
2022,CJ McCollum,SG,New Orleans,33333333,150267000
2022,Nikola Jokic,C,Denver,33047804,150267000
2022,James Harden,SG,Philadelphia,33000000,150267000
2022,Brandon Ingram,SF,New Orleans,31650600,150267000
2022,Jamal Murray,PG,Denver,31650000,150267000
2022,D'Angelo Russell,PG,LA Lakers,31377750,150267000
2022,Shai Gilgeous-Alexander,PG,Oklahoma City,30913750,150267000
2022,Deandre Ayton,C,Phoenix,30913750,150267000
2022,Michael Porter Jr.,SF,Denver,30913750,150267000
2022,Donovan Mitchell,SG,Cleveland,30913750,150267000
2022,Bam Adebayo,C,Miami,30351780,150267000
2022,Gordon Hayward,SF,Charlotte,30075000,150267000
2022,Jaren Jackson Jr.,PF,Memphis,28946605,150267000
,,,,,
2021,Stephen Curry,PG,Golden State,45780966,136606000
2021,James Harden,SG,Philadelphia,44310840,136606000
2021,John Wall,PG,Houston,44310840,136606000
2021,Russell Westbrook,PG,LA Lakers,44211146,136606000
2021,Kevin Durant,PF,Brooklyn,42018900,136606000
2021,LeBron James,SF,LA Lakers,41180544,136606000
2021,Giannis Antetokounmpo,PF,Milwaukee,39344970,136606000
2021,Damian Lillard,PG,Portland,39344900,136606000
2021,Kawhi Leonard,SF,LA,39344900,136606000
2021,Paul George,F,LA,39344900,136606000
2021,Klay Thompson,SG,Golden State,37980720,136606000
2021,Jimmy Butler,SF,Miami,36016200,136606000
2021,Tobias Harris,F,Philadelphia,35995950,136606000
2021,Khris Middleton,SF,Milwaukee,35500000,136606000
2021,Anthony Davis,PF,LA Lakers,35361360,136606000
2021,Rudy Gobert,C,Utah,35344828,136606000
2021,Kyrie Irving,PG,Brooklyn,35328700,136606000
2021,Bradley Beal,SG,Washington,33724200,136606000
2021,Ben Simmons,PG,Brooklyn,33003936,136606000
2021,Pascal Siakam,PF,Toronto,33003936,136606000
2021,Jrue Holiday,PG,Milwaukee,32413333,136606000
2021,Devin Booker,SG,Phoenix,31650600,136606000
2021,Karl-Anthony Towns,C,Minnesota,31650600,136606000
2021,Kristaps Porzingis,C,Washington,31650600,136606000
2021,Joel Embiid,C,Philadelphia,31579390,136606000
2021,Andrew Wiggins,SF,Golden State,31579390,136606000
2021,Nikola Jokic,C,Denver,31579390,136606000
2021,Kevin Love,PF,Cleveland,31258256,136606000
2021,CJ McCollum,SG,New Orleans,30864198,136606000
2021,D'Angelo Russell,PG,Minnesota,30013500,136606000
2021,Chris Paul,PG,Phoenix,30000000,136606000
2021,Gordon Hayward,SF,Charlotte,29925000,136606000
2021,Jamal Murray,PG,Denver,29467800,136606000
2021,Brandon Ingram,SF,New Orleans,29467800,136606000
2021,De'Aaron Fox,PG,Sacramento,28103550,136606000
2021,Bam Adebayo,C,Miami,28103500,136606000
2021,Donovan Mitchell,SG,Utah,28103500,136606000
2021,Jayson Tatum,SF,Boston,28103500,136606000
2021,Al Horford,C,Boston,27000000,136606000
2021,Kyle Lowry,PG,Miami,26894128,136606000
,,,,,
2020,Stephen Curry,PG,Golden State,43006362,132627000
2020,Russell Westbrook,PG,Washington,41358814,132627000
2020,Chris Paul,PG,Phoenix,41358814,132627000
2020,James Harden,SG,Brooklyn,41254920,132627000
2020,John Wall,PG,Houston,41254920,132627000
2020,Kevin Durant,PF,Brooklyn,40108950,132627000
2020,LeBron James,SF,LA Lakers,39219565,132627000
2020,Paul George,F,LA,35450412,132627000
2020,Klay Thompson,SG,Dallas,35361360,132627000
2020,Mike Conley,PG,Utah,34502130,132627000
2020,Jimmy Butler,SF,Miami,34379100,132627000
2020,Kawhi Leonard,SF,LA,34379100,132627000
2020,Kemba Walker,PG,Boston,34379100,132627000
2020,Tobias Harris,F,Philadelphia,34358850,132627000
2020,Khris Middleton,SF,Milwaukee,33051724,132627000
2020,Anthony Davis,PF,LA Lakers,32742000,132627000
2020,Kyrie Irving,PG,Brooklyn,31742000,132627000
2020,Damian Lillard,PG,Portland,31626953,132627000
2020,Kevin Love,PF,Cleveland,31258256,132627000
2020,Ben Simmons,PG,Philadelphia,30559200,132627000
2020,Pascal Siakam,PF,Toronto,30559200,132627000
2020,Kyle Lowry,PG,Toronto,30500000,132627000
2020,Steven Adams,C,New Orleans,29592696,132627000
2020,Joel Embiid,C,Philadelphia,29542010,132627000
2020,Andrew Wiggins,SF,Golden State,29542010,132627000
2020,Nikola Jokic,C,Denver,29542010,132627000
2020,Devin Booker,SG,Phoenix,29467800,132627000
2020,Karl-Anthony Towns,C,Minnesota,29467800,132627000
2020,Kristaps Porzingis,C,Dallas,29467800,132627000
2020,CJ McCollum,SG,Portland,29354152,132627000
2020,Bradley Beal,SG,Washington,28751775,132627000
2020,D'Angelo Russell,PG,Minnesota,28649250,132627000
2020,Gordon Hayward,SF,Charlotte,28500000,132627000
2020,Otto Porter Jr.,SF,Orlando,28489237,132627000
2020,DeMar DeRozan,SF,San Antonio,27739975,132627000
2020,Giannis Antetokounmpo,PF,Milwaukee,27528090,132627000
2020,Rudy Gobert,C,Utah,27525281,132627000
2020,Al Horford,C,Oklahoma City,27500000,132627000
2020,Jamal Murray,PG,Denver,27285000,132627000
2020,Brandon Ingram,SF,New Orleans,27285000,132627000
,,,,,
2019,Stephen Curry,PG,Golden State,40231758,132627000
2019,Russell Westbrook,PG,Houston,38506482,132627000
2019,Chris Paul,PG,Oklahoma City,38506482,132627000
2019,Kevin Durant,PF,Phoenix,38199000,132627000
2019,James Harden,SG,Houston,38199000,132627000
2019,John Wall,PG,Houston,38199000,132627000
2019,LeBron James,SF,LA Lakers,37436858,132627000
2019,Kyle Lowry,PG,Toronto,34996296,132627000
2019,Blake Griffin,PF,Detroit,34449964,132627000
2019,Tobias Harris,F,Philadelphia,32742000,132627000
2019,Jimmy Butler,SF,Miami,32742000,132627000
2019,Kawhi Leonard,SF,LA,32742000,132627000
2019,Klay Thompson,SG,Dallas,32742000,132627000
2019,Kemba Walker,PG,Boston,32742000,132627000
2019,Gordon Hayward,SF,Boston,32700690,132627000
2019,Mike Conley,PG,Utah,32511624,132627000
2019,Kyrie Irving,PG,Brooklyn,31742000,132627000
2019,Khris Middleton,SF,Milwaukee,30603448,132627000
2019,Paul George,F,LA,30560700,132627000
2019,Paul Millsap,PF,Denver,30350000,132627000
2019,Damian Lillard,PG,Portland,29802321,132627000
2019,Kevin Love,PF,Cleveland,28942830,132627000
2019,Nikola Vucevic,C,Orlando,28000000,132627000
2019,Al Horford,C,Philadelphia,28000000,132627000
2019,DeMar DeRozan,SF,San Antonio,27739975,132627000
2019,CJ McCollum,SG,Portland,27556959,132627000
2019,Joel Embiid,C,Philadelphia,27504630,132627000
2019,Andrew Wiggins,SF,Golden State,27504630,132627000
2019,Nikola Jokic,C,Denver,27504630,132627000
2019,Devin Booker,SG,Phoenix,27285000,132627000
2019,Karl-Anthony Towns,C,Minnesota,27285000,132627000
2019,D'Angelo Russell,PG,Minnesota,27285000,132627000
2019,Kristaps Porzingis,C,Dallas,27285000,132627000
2019,Otto Porter Jr.,SF,Chicago,27250575,132627000
2019,Bradley Beal,SG,Washington,27093019,132627000
2019,Andre Drummond,C,Cleveland,27093019,132627000
2019,Anthony Davis,PF,LA Lakers,27093018,132627000
2019,Hassan Whiteside,C,Portland,27093017,132627000
2019,Jrue Holiday,PG,New Orleans,26231111,132627000
2019,LaMarcus Aldridge,C,San Antonio,26000000,132627000
,,,,,
2018,Stephen Curry,PG,Golden State,37457154,123733000
2018,LeBron James,SF,LA Lakers,35654150,123733000
2018,Russell Westbrook,PG,Oklahoma City,35654150,123733000
2018,Chris Paul,PG,Houston,35654150,123733000
2018,Blake Griffin,PF,Detroit,32088932,123733000
2018,Gordon Hayward,SF,Boston,31214295,123733000
2018,Kyle Lowry,PG,Toronto,31200000,123733000
2018,Paul George,F,Oklahoma City,30560700,123733000
2018,Mike Conley,PG,Memphis,30521115,123733000
2018,James Harden,SG,Houston,30421854,123733000
2018,Kevin Durant,PF,Golden State,30000000,123733000
2018,Paul Millsap,PF,Denver,29230769,123733000
2018,Al Horford,C,Boston,28928709,123733000
2018,Damian Lillard,PG,Portland,27977689,123733000
2018,DeMar DeRozan,SF,San Antonio,27739975,123733000
2018,Otto Porter Jr.,SF,Chicago,26011913,123733000
2018,Jrue Holiday,PG,New Orleans,25976111,123733000
2018,CJ McCollum,SG,Portland,25759766,123733000
2018,Joel Embiid,C,Philadelphia,25467250,123733000
2018,Andrew Wiggins,SF,Minnesota,25467250,123733000
2018,Bradley Beal,SG,Washington,25434263,123733000
2018,Anthony Davis,PF,New Orleans,25434263,123733000
2018,Andre Drummond,C,Detroit,25434263,123733000
2018,Hassan Whiteside,C,Miami,25434262,123733000
2018,Nikola Jokic,C,Denver,24605181,123733000
2018,Giannis Antetokounmpo,PF,Milwaukee,24157303,123733000
2018,Steven Adams,C,Oklahoma City,24157303,123733000
2018,Marc Gasol,C,Toronto,24119025,123733000
2018,Kevin Love,PF,Cleveland,24119025,123733000
2018,Harrison Barnes,SF,Sacramento,24107258,123733000
2018,Chandler Parsons,SF,Memphis,24107258,123733000
2018,Nicolas Batum,PF,Charlotte,24000000,123733000
2018,Rudy Gobert,C,Utah,23241573,123733000
2018,Kawhi Leonard,SF,Toronto,23114067,123733000
2018,DeAndre Jordan,C,New York,22897200,123733000
2018,LaMarcus Aldridge,C,San Antonio,22347015,123733000
2018,Serge Ibaka,F,Toronto,21666667,123733000
2018,Aaron Gordon,PF,Orlando,21590909,123733000
2018,Danilo Gallinari,PF,LA,21587579,123733000
2018,Victor Oladipo,SG,Indiana,21000000,123733000
,,,,,
2017,Stephen Curry,PG,Golden State,37457154,119266000
2017,Blake Griffin,PF,Detroit,32088932,119266000
2017,Paul Millsap,PF,Denver,31269231,119266000
2017,Kyle Lowry,PG,Toronto,31200000,119266000
2017,Gordon Hayward,SF,Boston,29727900,119266000
2017,Mike Conley,PG,Memphis,28530608,119266000
2017,Russell Westbrook,PG,Oklahoma City,28530608,119266000
2017,James Harden,SG,Houston,28299399,119266000
2017,DeMar DeRozan,SF,Toronto,27739975,119266000
2017,Al Horford,C,Boston,27734406,119266000
2017,Carmelo Anthony,PF,Oklahoma City,26243760,119266000
2017,Damian Lillard,PG,Portland,26153057,119266000
2017,Otto Porter Jr.,SF,Washington,26011913,119266000
2017,Jrue Holiday,PG,New Orleans,25686667,119266000
2017,Bradley Beal,SG,Washington,25434263,119266000
2017,Andre Drummond,C,Detroit,25434263,119266000
2017,Hassan Whiteside,C,Miami,25434262,119266000
2017,Joel Embiid,C,Philadelphia,25250000,119266000
2017,Chris Paul,PG,Houston,24599495,119266000
2017,Giannis Antetokounmpo,PF,Milwaukee,24157303,119266000
2017,Kevin Love,PF,Cleveland,24119025,119266000
2017,Nicolas Batum,PF,Charlotte,24000000,119266000
2017,CJ McCollum,SG,Portland,23962573,119266000
2017,Dwight Howard,C,Charlotte,23819725,119266000
2017,Anthony Davis,PF,New Orleans,23775506,119266000
2017,Harrison Barnes,SF,Dallas,23112004,119266000
2017,Chandler Parsons,SF,Memphis,23112004,119266000
2017,Brook Lopez,C,LA Lakers,22642650,119266000
2017,Marc Gasol,C,Memphis,22642350,119266000
2017,DeAndre Jordan,C,LA,22642350,119266000
2017,Steven Adams,C,Oklahoma City,22471910,119266000
2017,Rudy Gobert,C,Utah,21924719,119266000
2017,Serge Ibaka,F,Toronto,21666667,119266000
2017,LaMarcus Aldridge,C,San Antonio,21461010,119266000
2017,Victor Oladipo,SG,Indiana,21000000,119266000
2017,Danilo Gallinari,PF,LA,20559599,119266000
2017,Ryan Anderson,PF,Houston,19578455,119266000
2017,Paul George,F,Oklahoma City,19508958,119266000
2017,Jimmy Butler,SF,Minnesota,19301070,119266000
2017,Tyler Johnson,G,Miami,19245370,119266000
,,,,,
2016,LeBron James,SF,Cleveland,30963450,113287000
2016,Kevin Durant,PF,Golden State,26540100,113287000
2016,Mike Conley,PG,Memphis,26540100,113287000
2016,James Harden,SG,Houston,26540100,113287000
2016,Russell Westbrook,PG,Oklahoma City,26540100,113287000
2016,DeMar DeRozan,SF,Toronto,26540100,113287000
2016,Al Horford,C,Boston,26540100,113287000
2016,Dirk Nowitzki,F,Dallas,25000000,113287000
2016,Carmelo Anthony,PF,New York,24559380,113287000
2016,Damian Lillard,PG,Portland,24328425,113287000
2016,Chris Bosh,PF,Miami,23741060,113287000
2016,Dwyane Wade,G,Chicago,23200000,113287000
2016,Dwight Howard,C,Atlanta,23180275,113287000
2016,Chris Paul,PG,LA,22868827,113287000
2016,Hassan Whiteside,C,Miami,22116750,113287000
2016,Harrison Barnes,SF,Dallas,22116750,113287000
2016,Bradley Beal,SG,Washington,22116750,113287000
2016,Anthony Davis,PF,New Orleans,22116750,113287000
2016,Andre Drummond,C,Detroit,22116750,113287000
2016,Chandler Parsons,SF,Memphis,22116750,113287000
2016,Derrick Rose,PG,New York,21323252,113287000
2016,Marc Gasol,C,Memphis,21165675,113287000
2016,Brook Lopez,C,Brooklyn,21165675,113287000
2016,Kevin Love,PF,Cleveland,21165675,113287000
2016,DeAndre Jordan,C,LA,21165675,113287000
2016,Nicolas Batum,PF,Charlotte,20869566,113287000
2016,LaMarcus Aldridge,C,San Antonio,20575005,113287000
2016,Blake Griffin,PF,LA,20140839,113287000
2016,Paul Millsap,PF,Atlanta,20072033,113287000
2016,Ryan Anderson,PF,Houston,18735364,113287000
2016,Allen Crabbe,G,Portland,18500000,113287000
2016,Paul George,F,Indiana,18314532,113287000
2016,Luol Deng,F,LA Lakers,18000000,113287000
2016,Kawhi Leonard,SF,San Antonio,17638063,113287000
2016,Kyrie Irving,PG,Cleveland,17638063,113287000
2016,Jimmy Butler,SF,Chicago,17552209,113287000
2016,Tobias Harris,F,Detroit,17200000,113287000
2016,Greg Monroe,C,Milwaukee,17145838,113287000
2016,Enes Freedom,C,Oklahoma City,17145838,113287000
2016,Wesley Matthews,SG,Dallas,17145838,113287000
,,,,,
2015,Kobe Bryant,SF,LA Lakers,25000000,84740000
2015,LeBron James,SF,Cleveland,22970500,84740000
2015,Carmelo Anthony,PF,New York,22875000,84740000
2015,Dwight Howard,C,Houston,22359364,84740000
2015,Chris Bosh,PF,Miami,22192730,84740000
2015,Chris Paul,PG,LA,21468695,84740000
2015,Kevin Durant,PF,Oklahoma City,20158622,84740000
2015,Derrick Rose,PG,Chicago,20093064,84740000
2015,Dwyane Wade,G,Miami,20000000,84740000
2015,LaMarcus Aldridge,C,San Antonio,19689000,84740000
2015,Brook Lopez,C,Brooklyn,19689000,84740000
2015,Kevin Love,PF,Cleveland,19689000,84740000
2015,DeAndre Jordan,C,LA,19689000,84740000
2015,Marc Gasol,C,Memphis,19688000,84740000
2015,Blake Griffin,PF,LA,18907726,84740000
2015,Paul Millsap,PF,Atlanta,18671659,84740000
2015,Paul George,F,Indiana,17120106,84740000
2015,Russell Westbrook,PG,Oklahoma City,16744218,84740000
2015,Kyrie Irving,PG,Cleveland,16407501,84740000
2015,Greg Monroe,C,Milwaukee,16407500,84740000
2015,Jimmy Butler,SF,Chicago,16407500,84740000
2015,Kawhi Leonard,SF,San Antonio,16407500,84740000
2015,Enes Freedom,C,Oklahoma City,16407500,84740000
2015,Wesley Matthews,SG,Dallas,16407500,84740000
2015,Tobias Harris,F,Detroit,16000000,84740000
2015,John Wall,PG,Washington,15851950,84740000
2015,DeMarcus Cousins,C,Sacramento,15851950,84740000
2015,James Harden,SG,Houston,15756438,84740000
2015,Roy Hibbert,C,LA Lakers,15592217,84740000
2015,Eric Gordon,SG,New Orleans,15514031,84740000
2015,Klay Thompson,SG,Golden State,15501000,84740000
2015,Gordon Hayward,SF,Utah,15409570,84740000
2015,Chandler Parsons,SF,Dallas,15361500,84740000
2015,Goran Dragic,PG,Miami,14783000,84740000
2015,Khris Middleton,SF,Milwaukee,14700000,84740000
2015,Draymond Green,PF,Golden State,14260870,84740000
2015,Tristan Thompson,C,Cleveland,14260870,84740000
2015,Danilo Gallinari,PF,Denver,14000000,84740000
2015,Reggie Jackson,PG,Detroit,13913044,84740000
2015,Andrew Bogut,C,Golden State,13800000,84740000
,,,,,
2014,Kobe Bryant,SF,LA Lakers,23500000,76829000
2014,Joe Johnson,G,Brooklyn,23180790,76829000
2014,Carmelo Anthony,PF,New York,22458401,76829000
2014,Dwight Howard,C,Houston,21436271,76829000
2014,Chris Bosh,PF,Miami,20644400,76829000
2014,LeBron James,SF,Cleveland,20644400,76829000
2014,Chris Paul,PG,LA,20068563,76829000
2014,Deron Williams,PG,Brooklyn,19754465,76829000
2014,Rudy Gay,SF,Sacramento,19317326,76829000
2014,Kevin Durant,PF,Oklahoma City,18995624,76829000
2014,Derrick Rose,PG,Chicago,18862876,76829000
2014,Blake Griffin,PF,LA,17674613,76829000
2014,Zach Randolph,F,Memphis,16500000,76829000
2014,LaMarcus Aldridge,C,Portland,16006000,76829000
2014,Paul George,F,Indiana,15937290,76829000
2014,Marc Gasol,C,Memphis,15829688,76829000
2014,Kevin Love,PF,Cleveland,15719063,76829000
2014,Brook Lopez,C,Brooklyn,15719062,76829000
2014,Russell Westbrook,PG,Oklahoma City,15719062,76829000
2014,David Lee,PF,Golden State,15012000,76829000
2014,Dwyane Wade,G,Miami,15000000,76829000
2014,Eric Gordon,SG,New Orleans,14898938,76829000
2014,Roy Hibbert,C,Indiana,14898938,76829000
2014,Tyson Chandler,C,Dallas,14846888,76829000
2014,Gordon Hayward,SF,Utah,14746000,76829000
2014,John Wall,PG,Washington,14746000,76829000
2014,DeMarcus Cousins,C,Sacramento,14746000,76829000
2014,James Harden,SG,Houston,14728844,76829000
2014,Chandler Parsons,SF,Dallas,14700000,76829000
2014,Al Jefferson,C,Charlotte,13500000,76829000
2014,Eric Bledsoe,SG,Phoenix,13000000,76829000
2014,Nene Hilario,C,Washington,13000000,76829000
2014,Andrew Bogut,C,Golden State,12972973,76829000
2014,Derrick Favors,F,Utah,12950000,76829000
2014,Rajon Rondo,PG,Dallas,12909090,76829000
2014,Joakim Noah,C,Chicago,12700000,76829000
2014,Tony Parker,G,San Antonio,12500000,76829000
2014,Serge Ibaka,F,Oklahoma City,12350000,76829000
2014,Andre Iguodala,F,Golden State,12289544,76829000
2014,Nikola Pekovic,C,Minnesota,12100000,76829000
,,,,,
2013,Kobe Bryant,SF,LA Lakers,30453805,71748000
2013,Dirk Nowitzki,F,Dallas,22721381,71748000
2013,Amar'e Stoudemire,C,New York,21679893,71748000
2013,Joe Johnson,G,Brooklyn,21466718,71748000
2013,Carmelo Anthony,PF,New York,21388953,71748000
2013,Dwight Howard,C,Houston,20513178,71748000
2013,Pau Gasol,PF,LA Lakers,19285850,71748000
2013,Chris Bosh,PF,Miami,19067500,71748000
2013,LeBron James,SF,Miami,19067500,71748000
2013,Dwyane Wade,G,Miami,18673000,71748000
2013,Chris Paul,PG,LA,18668431,71748000
2013,Deron Williams,PG,Brooklyn,18466130,71748000
2013,Zach Randolph,F,Memphis,18238333,71748000
2013,Rudy Gay,SF,Sacramento,17888932,71748000
2013,Kevin Durant,PF,Oklahoma City,17832627,71748000
2013,Derrick Rose,PG,Chicago,17632688,71748000
2013,Blake Griffin,PF,LA,16441500,71748000
2013,Paul Pierce,SF,Brooklyn,15333334,71748000
2013,Carlos Boozer,PF,Chicago,15300000,71748000
2013,LaMarcus Aldridge,C,Portland,14878000,71748000
2013,Marc Gasol,C,Memphis,14860523,71748000
2013,Brook Lopez,C,Brooklyn,14693906,71748000
2013,Kevin Love,PF,Minnesota,14693906,71748000
2013,Russell Westbrook,PG,Oklahoma City,14693906,71748000
2013,Emeka Okafor,C,Philadelphia,14487500,71748000
2013,Eric Gordon,SG,New Orleans,14283844,71748000
2013,Roy Hibbert,C,Indiana,14283844,71748000
2013,Luol Deng,F,Cleveland,14275000,71748000
2013,Tyson Chandler,C,New York,14100538,71748000
2013,Andrew Bogut,C,Golden State,14000000,71748000
2013,David Lee,PF,Golden State,13878000,71748000
2013,James Harden,SG,Houston,13701250,71748000
2013,Al Jefferson,C,Charlotte,13500000,71748000
2013,Josh Smith,PF,Detroit,13500000,71748000
2013,Nene Hilario,C,Washington,13000000,71748000
2013,Andre Iguodala,F,Golden State,12868632,71748000
2013,Tony Parker,G,San Antonio,12500000,71748000
2013,Kevin Garnett,PF,Brooklyn,12433735,71748000
2013,Serge Ibaka,F,Oklahoma City,12350000,71748000
2013,Nikola Pekovic,C,Minnesota,12100000,71748000
,,,,,
2012,Kobe Bryant,SF,LA Lakers,30453805,70307000
2012,Dirk Nowitzki,F,Dallas,20907128,70307000
2012,Amar'e Stoudemire,C,New York,19948799,70307000
2012,Joe Johnson,G,Brooklyn,19752645,70307000
2012,Carmelo Anthony,PF,New York,19444503,70307000
2012,Pau Gasol,PF,LA Lakers,19285850,70307000
2012,Chris Bosh,PF,Miami,19067500,70307000
2012,LeBron James,SF,Miami,19067500,70307000
2012,Dwyane Wade,G,Miami,18673000,70307000
2012,Chris Paul,PG,LA,18668431,70307000
2012,Kevin Durant,PF,Oklahoma City,17832626,70307000
2012,Derrick Rose,PG,Chicago,17632688,70307000
2012,Deron Williams,PG,Brooklyn,17177795,70307000
2012,Andrew Bynum,C,Philadelphia,16889000,70307000
2012,Paul Pierce,SF,Boston,16790345,70307000
2012,Zach Randolph,F,Memphis,16500000,70307000
2012,Rudy Gay,SF,Toronto,16460538,70307000
2012,Carlos Boozer,PF,Chicago,15300000,70307000
2012,Andre Iguodala,F,Denver,14968250,70307000
2012,Russell Westbrook,PG,Oklahoma City,14693906,70307000
2012,Emeka Okafor,C,Washington,14487500,70307000
2012,Luol Deng,F,Chicago,14275000,70307000
2012,Manu Ginobili,G,San Antonio,14107492,70307000
2012,Marc Gasol,C,Memphis,13891359,70307000
2012,Blake Griffin,PF,LA,13701250,70307000
2012,Eric Gordon,SG,New Orleans,13668750,70307000
2012,Brook Lopez,C,Brooklyn,13668750,70307000
2012,Kevin Love,PF,Minnesota,13668750,70307000
2012,Roy Hibbert,C,Indiana,13668750,70307000
2012,Tyson Chandler,C,New York,13604188,70307000
2012,LaMarcus Aldridge,C,Portland,13500000,70307000
2012,Al Jefferson,C,Utah,13500000,70307000
2012,Ben Gordon,SG,Charlotte,13200000,70307000
2012,Josh Smith,PF,Atlanta,13200000,70307000
2012,Danny Granger,SF,Indiana,13058606,70307000
2012,Andrew Bogut,C,Golden State,13000000,70307000
2012,Nene Hilario,C,Washington,13000000,70307000
2012,David Lee,PF,Golden State,12744000,70307000
2012,Tony Parker,G,San Antonio,12500000,70307000
2012,Kevin Martin,SG,Oklahoma City,12439675,70307000
,,,,,
2011,Kobe Bryant,SF,LA Lakers,25244493,70307000
2011,Kevin Garnett,PF,Boston,21247044,70307000
2011,Tim Duncan,C,San Antonio,21164619,70307000
2011,Rashard Lewis,PF,Washington,21136631,70307000
2011,Dirk Nowitzki,F,Dallas,19092873,70307000
2011,Pau Gasol,PF,LA Lakers,18714150,70307000
2011,Carmelo Anthony,PF,New York,18518574,70307000
2011,Amar'e Stoudemire,C,New York,18217705,70307000
2011,Elton Brand,PF,Philadelphia,18160355,70307000
2011,Dwight Howard,C,Orlando,18091770,70307000
2011,Joe Johnson,G,Atlanta,18038573,70307000
2011,Andrei Kirilenko,SF,Philadelphia,17823000,70307000
2011,Chris Bosh,PF,Miami,17545000,70307000
2011,LeBron James,SF,Miami,17545000,70307000
2011,Chris Paul,PG,LA,16359805,70307000
2011,Deron Williams,PG,Brooklyn,16359805,70307000
2011,Dwyane Wade,G,Miami,15691000,70307000
2011,Kevin Durant,PF,Oklahoma City,15506632,70307000
2011,Paul Pierce,SF,Boston,15333334,70307000
2011,Zach Randolph,F,Memphis,15200000,70307000
2011,Antawn Jamison,PF,Cleveland,15076715,70307000
2011,Brandon Roy,SG,Minnesota,15032144,70307000
2011,Rudy Gay,SF,Memphis,15032144,70307000
2011,Al Jefferson,C,Utah,15000000,70307000
2011,Andrew Bynum,C,LA Lakers,14900000,70307000
2011,Andre Iguodala,F,Philadelphia,14718250,70307000
2011,Manu Ginobili,G,San Antonio,14107492,70307000
2011,Chris Kaman,C,New Orleans,14030000,70307000
2011,LaMarcus Aldridge,C,Portland,14000000,70307000
2011,Carlos Boozer,PF,Chicago,13500000,70307000
2011,Tyson Chandler,C,New York,13107837,70307000
2011,Nene Hilario,C,Washington,13000000,70307000
2011,Marc Gasol,C,Memphis,12922194,70307000
2011,Emeka Okafor,C,New Orleans,12642500,70307000
2011,Tony Parker,G,San Antonio,12500000,70307000
2011,Al Horford,C,Atlanta,12498483,70307000
2011,Josh Smith,PF,Atlanta,12400000,70307000
2011,Luol Deng,F,Chicago,12325000,70307000
2011,Danny Granger,SF,Indiana,12015904,70307000
2011,Joakim Noah,C,Chicago,12000000,70307000
,,,,,
2010,Kobe Bryant,SF,LA Lakers,24806250,
2010,Rashard Lewis,PF,Washington,19573711,
2010,Tim Duncan,C,San Antonio,18835381,
2010,Kevin Garnett,PF,Boston,18832044,
2010,Michael Redd,SG,Milwaukee,18300000,
2010,Pau Gasol,PF,LA Lakers,17823000,
2010,Andrei Kirilenko,SF,Utah,17823000,
2010,Gilbert Arenas,PG,Orlando,17730694,
2010,Yao Ming,C,Houston,17686100,
2010,Zach Randolph,F,Memphis,17666666,
2010,Vince Carter,G,Phoenix,17522375,
2010,Dirk Nowitzki,F,Dallas,17278618,
2010,Carmelo Anthony,PF,New York,17149243,
2010,Dwight Howard,C,Orlando,16647180,
2010,Kenyon Martin,F,Denver,16545454,
2010,Amar'e Stoudemire,C,New York,16486611,
2010,Joe Johnson,G,Atlanta,16324500,
2010,Elton Brand,PF,Philadelphia,15959099,
2010,Chris Paul,PG,New Orleans,14940153,
2010,Deron Williams,PG,Brooklyn,14940153,
2010,Chris Bosh,PF,Miami,14500000,
2010,LeBron James,SF,Miami,14500000,
2010,Jason Richardson,SG,Orlando,14444443,
2010,Carlos Boozer,PF,Chicago,14400000,
2010,Dwyane Wade,G,Miami,14200000,
2010,Baron Davis,PG,Cleveland,14000000,
2010,Paul Pierce,SF,Boston,13876321,
2010,Andrew Bynum,C,LA Lakers,13700000,
2010,Brandon Roy,SG,Portland,13603750,
2010,Rudy Gay,SF,Memphis,13603750,
2010,Tony Parker,G,San Antonio,13500000,
2010,Samuel Dalembert,C,Sacramento,13428129,
2010,Antawn Jamison,PF,Cleveland,13358905,
2010,Nick Collison,F,Oklahoma City,13270000,
2010,Chauncey Billups,PG,New York,13150000,
2010,Al Jefferson,C,Utah,13000000,
2010,Tyson Chandler,C,Dallas,12600000,
2010,Richard Hamilton,SG,Detroit,12500000,
2010,Andre Iguodala,F,Philadelphia,12345250,
2010,Manu Ginobili,G,San Antonio,11854584,
,,,,,
2009,Kobe Bryant,SF,LA Lakers,23034375,
2009,Jermaine O'Neal,C,Miami,23016000,
2009,Tracy McGrady,SG,New York,22843124,
2009,Tim Duncan,C,San Antonio,22183220,
2009,Shaquille O'Neal,C,Cleveland,21000000,
2009,Dirk Nowitzki,F,Dallas,19795714,
2009,Paul Pierce,SF,Boston,19795712,
2009,Ray Allen,SG,Boston,18776860,
2009,Rashard Lewis,PF,Orlando,18010791,
2009,Michael Redd,SG,Milwaukee,17040000,
2009,Pau Gasol,PF,LA Lakers,16452000,
2009,Andrei Kirilenko,SF,Utah,16452000,
2009,Kevin Garnett,PF,Boston,16417044,
2009,Amar'e Stoudemire,C,Phoenix,16378325,
2009,Yao Ming,C,Houston,16378325,
2009,Gilbert Arenas,PG,Washington,16192080,
2009,Vince Carter,G,Orlando,16123250,
2009,Zach Randolph,F,Memphis,16000000,
2009,Kenyon Martin,F,Denver,15852511,
2009,Dwyane Wade,G,Miami,15779912,
2009,Chris Bosh,PF,Toronto,15779912,
2009,Carmelo Anthony,PF,Denver,15779912,
2009,LeBron James,SF,Cleveland,15779912,
2009,Dwight Howard,C,Orlando,15202590,
2009,Joe Johnson,G,Atlanta,14976754,
2009,Elton Brand,PF,Philadelphia,14858472,
2009,Richard Jefferson,F,San Antonio,14200000,
2009,Chris Paul,PG,New Orleans,13520500,
2009,Deron Williams,PG,Utah,13520500,
2009,Peja Stojakovic,SF,New Orleans,13392000,
2009,Jason Richardson,SG,Phoenix,13333332,
2009,Steve Nash,PG,Phoenix,13125000,
2009,Tony Parker,G,San Antonio,12600000,
2009,Andrew Bynum,C,LA Lakers,12500000,
2009,Carlos Boozer,PF,Utah,12323900,
2009,Brad Miller,C,Chicago,12250000,
2009,Andre Iguodala,F,Philadelphia,12200000,
2009,Erick Dampier,C,Dallas,12115500,
2009,Baron Davis,PG,LA,12100000,
2009,Chauncey Billups,PG,Denver,12100000,
,,,,,
2008,Kevin Garnett,PF,Boston,24751934,
2008,Jason Kidd,PG,Dallas,21372000,
2008,Jermaine O'Neal,C,Miami,21372000,
2008,Kobe Bryant,SF,LA Lakers,21262500,
2008,Shaquille O'Neal,C,Phoenix,21000000,
2008,Allen Iverson,SG,Detroit,20840625,
2008,Stephon Marbury,PG,Boston,20840625,
2008,Tim Duncan,C,San Antonio,20598704,
2008,Tracy McGrady,SG,Houston,20370437,
2008,Ray Allen,SG,Boston,18388430,
2008,Dirk Nowitzki,F,Dallas,18077904,
2008,Paul Pierce,SF,Boston,18077903,
2008,Shawn Marion,SG,Toronto,17810000,
2008,Rashard Lewis,PF,Orlando,16447871,
2008,Michael Redd,SG,Milwaukee,15780000,
2008,Pau Gasol,PF,LA Lakers,15106000,
2008,Andrei Kirilenko,SF,Utah,15106000,
2008,Amar'e Stoudemire,C,Phoenix,15070550,
2008,Yao Ming,C,Houston,15070550,
2008,Mike Bibby,PG,Atlanta,14983603,
2008,Vince Carter,G,Brooklyn,14724125,
2008,Zach Randolph,F,LA,14666667,
2008,Gilbert Arenas,PG,Washington,14653466,
2008,Ben Wallace,PF,Cleveland,14500000,
2008,Kenyon Martin,F,Denver,14431816,
2008,Dwyane Wade,G,Miami,14410581,
2008,Chris Bosh,PF,Toronto,14410581,
2008,Carmelo Anthony,PF,Denver,14410581,
2008,LeBron James,SF,Cleveland,14410581,
2008,Joe Johnson,G,Atlanta,14232567,
2008,Lamar Odom,PF,LA Lakers,14148596,
2008,Rasheed Wallace,PF,Detroit,13930000,
2008,Wally Szczerbiak,SG,Cleveland,13775000,
2008,Dwight Howard,C,Orlando,13758000,
2008,Elton Brand,PF,Philadelphia,13757844,
2008,Richard Jefferson,F,Milwaukee,13200000,
2008,Larry Hughes,SG,New York,12827676,
2008,Raef LaFrentz,C,Portland,12722500,
2008,Peja Stojakovic,SF,New Orleans,12528000,
2008,Steve Nash,PG,Phoenix,12250000,
,,,,,
2007,Kevin Garnett,PF,Boston,23751934,
2007,Shaquille O'Neal,C,Phoenix,21000000,
2007,Jason Kidd,PG,Dallas,19728000,
2007,Jermaine O'Neal,C,Indiana,19728000,
2007,Kobe Bryant,SF,LA Lakers,19490625,
2007,Tim Duncan,C,San Antonio,19014188,
2007,Allen Iverson,SG,Denver,19012500,
2007,Stephon Marbury,PG,New York,19012500,
2007,Tracy McGrady,SG,Houston,18257750,
2007,Baron Davis,PG,Golden State,16440000,
2007,Shawn Marion,SG,Miami,16440000,
2007,Paul Pierce,SF,Boston,16360094,
2007,Dirk Nowitzki,F,Dallas,16360094,
2007,Antawn Jamison,PF,Washington,16360094,
2007,Ray Allen,SG,Boston,16000000,
2007,Ben Wallace,PF,Cleveland,15500000,
2007,Elton Brand,PF,LA,15344000,
2007,Mike Bibby,PG,Atlanta,14983603,
2007,Rashard Lewis,PF,Orlando,14884951,
2007,Michael Redd,SG,Milwaukee,14520000,
2007,Amar'e Stoudemire,C,Phoenix,13762775,
2007,Yao Ming,C,Houston,13762775,
2007,Pau Gasol,PF,LA Lakers,13735000,
2007,Andrei Kirilenko,SF,Utah,13735000,
2007,Joe Johnson,G,Atlanta,13488378,
2007,Zach Randolph,F,New York,13333333,
2007,Vince Carter,G,Brooklyn,13325000,
2007,Kenyon Martin,F,Denver,13250000,
2007,Lamar Odom,PF,LA Lakers,13248596,
2007,Dwyane Wade,G,Miami,13041250,
2007,Chris Bosh,PF,Toronto,13041250,
2007,Carmelo Anthony,PF,Denver,13041250,
2007,LeBron James,SF,Cleveland,13041250,
2007,Rasheed Wallace,PF,Detroit,12540000,
2007,Raef LaFrentz,C,Portland,12440787,
2007,Wally Szczerbiak,SG,Cleveland,12275000,
2007,Richard Jefferson,F,Brooklyn,12200000,
2007,Larry Hughes,SG,Chicago,12000084,
2007,Gilbert Arenas,PG,Washington,11950400,
2007,Peja Stojakovic,SF,New Orleans,11664000,
,,,,,
2006,Kevin Garnett,PF,Minnesota,21000000,
2006,Shaquille O'Neal,C,Miami,20000000,
2006,Jason Kidd,PG,Brooklyn,18084000,
2006,Jermaine O'Neal,C,Indiana,18084000,
2006,Kobe Bryant,SF,LA Lakers,17718750,
2006,Tim Duncan,C,San Antonio,17429673,
2006,Allen Iverson,SG,Denver,17184375,
2006,Stephon Marbury,PG,New York,17184375,
2006,Tracy McGrady,SG,Houston,16901500,
2006,Grant Hill,SF,Orlando,16901500,
2006,Ben Wallace,PF,Chicago,16000000,
2006,Paul Pierce,SF,Boston,15101626,
2006,Antawn Jamison,PF,Washington,15101626,
2006,Vince Carter,G,Brooklyn,15101626,
2006,Dirk Nowitzki,F,Dallas,15101622,
2006,Steve Francis,PG,New York,15070000,
2006,Baron Davis,PG,Golden State,15070000,
2006,Shawn Marion,SG,Phoenix,15070000,
2006,Ray Allen,SG,Oklahoma City,14611570,
2006,Elton Brand,PF,LA,14248000,
2006,Larry Hughes,SG,Cleveland,13363012,
2006,Michael Redd,SG,Milwaukee,13260000,
2006,Joe Johnson,G,Atlanta,12744190,
2006,Mike Bibby,PG,Sacramento,12500000,
2006,Amar'e Stoudemire,C,Phoenix,12455000,
2006,Yao Ming,C,Houston,12455000,
2006,Pau Gasol,PF,Memphis,12364000,
2006,Andrei Kirilenko,SF,Utah,12364000,
2006,Lamar Odom,PF,LA Lakers,12348596,
2006,Kenyon Martin,F,Denver,12068182,
2006,Zach Randolph,F,Portland,12000000,
2006,Wally Szczerbiak,SG,Boston,11775000,
2006,Theo Ratliff,C,Boston,11666666,
2006,Rasheed Wallace,PF,Detroit,11650000,
2006,Raef LaFrentz,C,Portland,11532037,
2006,Carlos Boozer,PF,Utah,11260483,
2006,Richard Jefferson,F,Brooklyn,11200000,
2006,Gilbert Arenas,PG,Washington,11096800,
2006,Peja Stojakovic,SF,New Orleans,10800000,
2006,Steve Nash,PG,Phoenix,10500000,
,,,,,
2005,Shaquille O'Neal,C,Miami,20000000,
2005,Chris Webber,C,Philadelphia,19125000,
2005,Kevin Garnett,PF,Minnesota,18000000,
2005,Allen Iverson,SG,Philadelphia,16453125,
2005,Stephon Marbury,PG,New York,16453125,
2005,Jason Kidd,PG,Brooklyn,16440000,
2005,Jermaine O'Neal,C,Indiana,16440000,
2005,Kobe Bryant,SF,LA Lakers,15946875,
2005,Tim Duncan,C,San Antonio,15845157,
2005,Vin Baker,PF,LA,15750000,
2005,Anfernee Hardaway,SF,Orlando,15750000,
2005,Tracy McGrady,SG,Houston,15694250,
2005,Jalen Rose,SG,New York,15694250,
2005,Keith Van Horn,PF,Dallas,15694250,
2005,Grant Hill,SF,Orlando,15694250,
2005,Eddie Jones,SG,Memphis,14666250,
2005,Tim Thomas,PF,Phoenix,13975000,
2005,Antonio Davis,PF,Toronto,13865000,
2005,Paul Pierce,SF,Boston,13843156,
2005,Dirk Nowitzki,F,Dallas,13843156,
2005,Antawn Jamison,PF,Washington,13843156,
2005,Vince Carter,G,Brooklyn,13843156,
2005,Steve Francis,PG,New York,13700000,
2005,Baron Davis,PG,Golden State,13700000,
2005,Shawn Marion,SG,Phoenix,13700000,
2005,Ray Allen,SG,Oklahoma City,13223140,
2005,Elton Brand,PF,LA,13152000,
2005,Michael Redd,SG,Milwaukee,12000000,
2005,Joe Johnson,G,Atlanta,12000000,
2005,Theo Ratliff,C,Portland,11666666,
2005,Mike Bibby,PG,Sacramento,11500000,
2005,Lamar Odom,PF,LA Lakers,11448596,
2005,Carlos Boozer,PF,Utah,11260483,
2005,Pau Gasol,PF,Memphis,10993000,
2005,Andrei Kirilenko,SF,Utah,10983000,
2005,Kenyon Martin,F,Denver,10886364,
2005,Rasheed Wallace,PF,Detroit,10860000,
2005,Zach Randolph,F,Portland,10666667,
2005,Raef LaFrentz,C,Boston,10623288,
2005,Wally Szczerbiak,SG,Boston,10500000,
,,,,,
2004,Shaquille O'Neal,C,Miami,29464000,
2004,Dikembe Mutombo,C,Houston,19684000,
2004,Allan Houston,SG,New York,17531000,
2004,Chris Webber,C,Philadelphia,17351000,
2004,Damon Stoudamire,PG,Portland,15750000,
2004,Antoine Walker,PF,Boston,14625000,
2004,Shareef Abdur-Rahim,PF,Portland,14625000,
2004,Allen Iverson,SG,Philadelphia,14625000,
2004,Latrell Sprewell,SG,Minnesota,14625000,
2004,Vin Baker,PF,Houston,14625000,
2004,Zydrunas Ilgauskas,C,Cleveland,14625000,
2004,Anfernee Hardaway,SF,New York,14625000,
2004,Ray Allen,SG,Oklahoma City,14625000,
2004,Kobe Bryant,SF,LA Lakers,14625000,
2004,Stephon Marbury,PG,New York,14625000,
2004,Michael Finley,SG,Dallas,14609000,
2004,Tracy McGrady,SG,Houston,14487000,
2004,Jalen Rose,SG,Toronto,14487000,
2004,Keith Van Horn,PF,Dallas,14487000,
2004,Grant Hill,SF,Orlando,14487000,
2004,Eddie Jones,SG,Miami,13440000,
2004,Brian Grant,PF,LA Lakers,13346000,
2004,Vince Carter,G,Brooklyn,13281000,
2004,Tim Thomas,PF,New York,12900000,
2004,Antonio Davis,PF,Chicago,12000000,
2004,Glenn Robinson,SF,San Antonio,12000000,
2004,Nick Van Exel,PG,Portland,11821000,
2004,Theo Ratliff,C,Portland,10937000,
2004,Kerry Kittles,SG,LA,9817000,
2004,Jamal Mashburn,SF,Philadelphia,9300000,
2004,Maurice Taylor,PF,New York,8450000,
2004,Derek Anderson,SG,Portland,8444000,
2004,Alan Henderson,PF,Dallas,8273000,
2004,Austin Croshere,PF,Indiana,8260000,
2004,Erick Dampier,C,Dallas,8105000,
2004,Kelvin Cato,C,Orlando,7992000,
2004,Marcus Camby,C,Denver,7750000,
2004,Shandon Anderson,SF,Miami,7300000,
2004,Lorenzen Wright,PF,Memphis,7150000,
2004,Jerry Stackhouse,SF,Dallas,7000000,
,,,,,
2003,Kevin Garnett,PF,Minnesota,28000000,
2003,Shaquille O'Neal,C,LA Lakers,26571000,
2003,Rasheed Wallace,PF,Detroit,18000000,
2003,Dikembe Mutombo,C,New York,17895000,
2003,Allan Houston,SG,New York,15937000,
2003,Chris Webber,C,Sacramento,15937000,
2003,Damon Stoudamire,PG,Portland,14625000,
2003,Antoine Walker,PF,Dallas,13500000,
2003,Antonio McDyess,PF,Phoenix,13500000,
2003,Shareef Abdur-Rahim,PF,Portland,13500000,
2003,Allen Iverson,SG,Philadelphia,13500000,
2003,Latrell Sprewell,SG,Minnesota,13500000,
2003,Vin Baker,PF,New York,13500000,
2003,Zydrunas Ilgauskas,C,Cleveland,13500000,
2003,Anfernee Hardaway,SF,New York,13500000,
2003,Ray Allen,SG,Oklahoma City,13500000,
2003,Kobe Bryant,SF,LA Lakers,13500000,
2003,Stephon Marbury,PG,New York,13500000,
2003,Michael Finley,SG,Dallas,13281000,
2003,Keith Van Horn,PF,Milwaukee,13280000,
2003,Tracy McGrady,SG,Orlando,13279000,
2003,Tim Duncan,C,San Antonio,13279000,
2003,Jalen Rose,SG,Toronto,13279000,
2003,Eddie Jones,SG,Miami,12320000,
2003,Brian Grant,PF,Miami,12234000,
2003,Vlade Divac,C,Sacramento,12051000,
2003,Antonio Davis,PF,Chicago,12000000,
2003,Vince Carter,G,Toronto,11953000,
2003,Tim Thomas,PF,New York,11825000,
2003,Tom Gugliotta,PF,Utah,11668000,
2003,Jason Kidd,PG,Brooklyn,10950000,
2003,Nick Van Exel,PG,Golden State,10912000,
2003,Glenn Robinson,SF,Philadelphia,10730000,
2003,Theo Ratliff,C,Portland,10156000,
2003,Glen Rice,SF,LA,9600000,
2003,Kerry Kittles,SG,Brooklyn,9267000,
2003,Greg Ostertag,C,Utah,8666000,
2003,Jamal Mashburn,SF,New Orleans,8525000,
2003,Toni Kukoc,SF,Milwaukee,8050000,
2003,Maurice Taylor,PF,Houston,7800000,
,,,,,
2002,Kevin Garnett,PF,Minnesota,28000000,
2002,Shaquille O'Neal,C,LA Lakers,26571000,
2002,Rasheed Wallace,PF,Detroit,18000000,
2002,Dikembe Mutombo,C,New York,17895000,
2002,Allan Houston,SG,New York,15937000,
2002,Chris Webber,C,Sacramento,15937000,
2002,Damon Stoudamire,PG,Portland,14625000,
2002,Antoine Walker,PF,Dallas,13500000,
2002,Antonio McDyess,PF,Phoenix,13500000,
2002,Shareef Abdur-Rahim,PF,Portland,13500000,
2002,Allen Iverson,SG,Philadelphia,13500000,
2002,Latrell Sprewell,SG,Minnesota,13500000,
2002,Vin Baker,PF,New York,13500000,
2002,Zydrunas Ilgauskas,C,Cleveland,13500000,
2002,Anfernee Hardaway,SF,New York,13500000,
2002,Ray Allen,SG,Oklahoma City,13500000,
2002,Kobe Bryant,SF,LA Lakers,13500000,
2002,Stephon Marbury,PG,New York,13500000,
2002,Michael Finley,SG,Dallas,13281000,
2002,Keith Van Horn,PF,Milwaukee,13280000,
2002,Tracy McGrady,SG,Orlando,13279000,
2002,Tim Duncan,C,San Antonio,13279000,
2002,Jalen Rose,SG,Toronto,13279000,
2002,Eddie Jones,SG,Miami,12320000,
2002,Brian Grant,PF,Miami,12234000,
2002,Vlade Divac,C,Sacramento,12051000,
2002,Antonio Davis,PF,Chicago,12000000,
2002,Vince Carter,G,Toronto,11953000,
2002,Tim Thomas,PF,New York,11825000,
2002,Tom Gugliotta,PF,Utah,11668000,
2002,Jason Kidd,PG,Brooklyn,10950000,
2002,Nick Van Exel,PG,Golden State,10912000,
2002,Glenn Robinson,SF,Philadelphia,10730000,
2002,Theo Ratliff,C,Portland,10156000,
2002,Glen Rice,SF,LA,9600000,
2002,Kerry Kittles,SG,Brooklyn,9267000,
2002,Greg Ostertag,C,Utah,8666000,
2002,Jamal Mashburn,SF,New Orleans,8525000,
2002,Toni Kukoc,SF,Milwaukee,8050000,
2002,Maurice Taylor,PF,Houston,7800000,
,,,,,
2001,Kevin Garnett,PF,Minnesota,25200000,
2001,Shaquille O'Neal,C,LA Lakers,23571000,
2001,Shawn Kemp,C,Orlando,21500000,
2001,Juwan Howard,PF,Denver,20625000,
2001,Scottie Pippen,SF,Portland,19727000,
2001,Karl Malone,PF,Utah,19250000,
2001,Rasheed Wallace,PF,Portland,16200000,
2001,Dikembe Mutombo,C,Brooklyn,16105000,
2001,Chris Webber,C,Sacramento,14343000,
2001,Damon Stoudamire,PG,Portland,13500000,
2001,Gary Payton,PG,Milwaukee,13080000,
2001,Antoine Walker,PF,Boston,12375000,
2001,Shareef Abdur-Rahim,PF,Atlanta,12375000,
2001,Allen Iverson,SG,Philadelphia,12375000,
2001,Latrell Sprewell,SG,New York,12375000,
2001,Vin Baker,PF,Boston,12375000,
2001,Zydrunas Ilgauskas,C,Cleveland,12375000,
2001,Anfernee Hardaway,SF,Phoenix,12375000,
2001,Ray Allen,SG,Oklahoma City,12375000,
2001,Kobe Bryant,SF,LA Lakers,12375000,
2001,Stephon Marbury,PG,Phoenix,12375000,
2001,Tracy McGrady,SG,Orlando,12072000,
2001,Tim Duncan,C,San Antonio,12072000,
2001,Jalen Rose,SG,Chicago,12072000,
2001,Keith Van Horn,PF,Philadelphia,12072000,
2001,Grant Hill,SF,Orlando,12072000,
2001,Reggie Miller,SG,Indiana,12046000,
2001,Antonio Davis,PF,Toronto,12000000,
2001,Michael Finley,SG,Dallas,11953000,
2001,Vlade Divac,C,Sacramento,11248000,
2001,Eddie Jones,SG,Miami,11200000,
2001,Brian Grant,PF,Miami,11121000,
2001,Allan Houston,SG,New York,11000000,
2001,Tom Gugliotta,PF,Phoenix,10890000,
2001,Tim Thomas,PF,Milwaukee,10750000,
2001,Vince Carter,G,Toronto,10625000,
2001,David Robinson,C,San Antonio,10500000,
2001,Nick Van Exel,PG,Dallas,10003000,
2001,Steve Smith,SG,San Antonio,9900000,
2001,Glenn Robinson,SF,Atlanta,9860000,
,,,,,
2000,Kevin Garnett,PF,Minnesota,19600000,
2000,Shaquille O'Neal,C,LA Lakers,19285000,
2000,Alonzo Mourning,C,Miami,16879000,
2000,Juwan Howard,PF,Dallas,16875000,
2000,Hakeem Olajuwon,C,Houston,16685000,
2000,Karl Malone,PF,Utah,15750000,
2000,Dikembe Mutombo,C,Philadelphia,14422000,
2000,Patrick Ewing,C,Oklahoma City,14000000,
2000,David Robinson,C,San Antonio,13196000,
2000,Scottie Pippen,SF,Portland,13151000,
2000,Rasheed Wallace,PF,Portland,12600000,
2000,Larry Johnson,F,New York,12485000,
2000,Gary Payton,PG,Oklahoma City,12200000,
2000,Tim Hardaway,G,Miami,12000000,
2000,Chris Webber,C,Sacramento,12000000,
2000,Shawn Kemp,C,Portland,11720000,
2000,Damon Stoudamire,PG,Portland,11250000,
2000,John Stockton,G,Utah,11000000,
2000,Antonio McDyess,PF,Denver,10800000,
2000,Reggie Miller,SG,Indiana,10666000,
2000,Arvydas Sabonis,C,Portland,10636000,
2000,Zydrunas Ilgauskas,C,Cleveland,10130000,
2000,Anfernee Hardaway,SF,Phoenix,10130000,
2000,Stephon Marbury,PG,Brooklyn,10130000,
2000,Antoine Walker,PF,Boston,10125000,
2000,Shareef Abdur-Rahim,PF,Memphis,10125000,
2000,Allen Iverson,SG,Philadelphia,10125000,
2000,Latrell Sprewell,SG,New York,10125000,
2000,Vin Baker,PF,Oklahoma City,10125000,
2000,Ray Allen,SG,Milwaukee,10125000,
2000,Kobe Bryant,SF,LA Lakers,10125000,
2000,Bryant Reeves,C,Memphis,10110000,
2000,Tracy McGrady,SG,Orlando,9658000,
2000,Tim Duncan,C,San Antonio,9658000,
2000,Jalen Rose,SG,Indiana,9658000,
2000,Grant Hill,SF,Orlando,9658000,
2000,Vlade Divac,C,Sacramento,9641000,
2000,Tom Gugliotta,PF,Phoenix,9336000,
2000,Allan Houston,SG,New York,9000000,
2000,Keith Van Horn,PF,Brooklyn,9000000,
,,,,,
1999,Shaquille O'Neal,C,LA Lakers,17142000,
1999,Kevin Garnett,PF,Minnesota,16806000,
1999,Alonzo Mourning,C,Miami,15004000,
1999,Juwan Howard,PF,Washington,15000000,
1999,Scottie Pippen,SF,Portland,14795000,
1999,Karl Malone,PF,Utah,14000000,
1999,Larry Johnson,F,New York,11910000,
1999,Gary Payton,PG,Oklahoma City,11020000,
1999,Rasheed Wallace,PF,Portland,10800000,
1999,Shawn Kemp,C,Cleveland,10780000,
1999,Damon Stoudamire,PG,Portland,10125000,
1999,Antonio McDyess,PF,Denver,9900000,
1999,Antoine Walker,PF,Boston,9000000,
1999,Shareef Abdur-Rahim,PF,Memphis,9000000,
1999,Allen Iverson,SG,Philadelphia,9000000,
1999,Vin Baker,PF,Oklahoma City,9000000,
1999,Anfernee Hardaway,SF,Phoenix,9000000,
1999,Ray Allen,SG,Milwaukee,9000000,
1999,Kobe Bryant,SF,LA Lakers,9000000,
1999,Stephon Marbury,PG,Brooklyn,9000000,
1999,Vlade Divac,C,Sacramento,8837000,
1999,Bryant Reeves,C,Memphis,8666000,
1999,Tom Gugliotta,PF,Phoenix,8558000,
1999,Nick Van Exel,PG,Denver,8354000,
1999,Elden Campbell,C,Charlotte,7975000,
1999,Terrell Brandon,PG,Minnesota,7400000,
1999,Derrick Coleman,PF,Charlotte,7370000,
1999,Glenn Robinson,SF,Milwaukee,7250000,
1999,Steve Smith,SG,Portland,7200000,
1999,Kerry Kittles,SG,Brooklyn,7166000,
1999,Chris Dudley,C,New York,7100000,
1999,Theo Ratliff,C,Philadelphia,7031000,
1999,Matt Geiger,C,Philadelphia,6889000,
1999,Jason Kidd,PG,Phoenix,6858000,
1999,Kenny Anderson,PG,Boston,6680000,
1999,Tyrone Hill,PF,Philadelphia,6422000,
1999,Clifford Robinson,PF,Phoenix,6125000,
1999,Jamal Mashburn,SF,Miami,5600000,
1999,Steve Nash,PG,Dallas,5500000,
1999,Alan Henderson,PF,Atlanta,5318000,
